post_id,title,author,created_utc,cleaned_text,keywords,image_text
1hxdbm7,Genetic tweak weaponizes mosquito semen for population control,A***************,2025-01-09 13:56:45,Genetic tweak weaponizes mosquito semen for population control,"genetic, tweak, weaponizes, mosquito, semen, population, control",
1hy2kav,"Prostate cancer is usually treated with surgery and radiation therapy, but these can have drastic side effects | A new clinical trial is exploring the safety and efficacy of killing the cancer cells with a blast of steam.",c********,2025-01-10 11:41:04,"Prostate cancer is usually treated with surgery and radiation therapy, but these can have drastic side effects A new clinical trial is exploring the safety and efficacy of killing the cancer cells with a blast of steam.","prostate, cancer, usually, treated, surgery, radiation, therapy, drastic, side, effects, clinical, trial, exploring, safety, efficacy, killing, cells, blast, steam",
1hy4uyv,'Thermochromorph' art changes with the temperature,A***************,2025-01-10 13:53:01,'Thermochromorph' art changes with the temperature,"thermochromorph, changes, temperature",
1hyvoqs,"Grain-sized soft robot delivers multiple medications, guided by magnetic fields",A***************,2025-01-11 13:18:24,"Grainsized soft robot delivers multiple medications, guided by magnetic fields","grainsized, soft, robot, delivers, multiple, medications, guided, magnetic, fields",
1hzcbqa,"Smart stitches generate electricity on movement for faster healing | Scientists in China have now turned that weakness into a strength, developing stitches that generate an electric charge when stretched and heal wounds faster. ",c********,2025-01-12 02:12:57,"Smart stitches generate electricity on movement for faster healing Scientists in China have now turned that weakness into a strength, developing stitches that generate an electric charge when stretched and heal wounds faster.","smart, stitches, generate, electricity, movement, faster, healing, scientists, china, turned, weakness, strength, developing, electric, charge, stretched, heal, wounds",
1i0dc54,"""Functional cure"" for diabetes restores insulin production with stem cells | A patient with type 1 diabetes has been functionally cured of the disease. The treatment involves growing and transplanting new insulin-producing cells from the patient’s own stem cells.",c********,2025-01-13 12:57:27,Functional cure for diabetes restores insulin production with stem cells A patient with type 1 diabetes has been functionally cured of the disease. The treatment involves growing and transplanting new insulinproducing cells from the patients own stem cells.,"functional, cure, diabetes, restores, insulin, production, stem, cells, patient, type, functionally, cured, disease, treatment, involves, growing, transplanting, insulinproducing, patients",
1i0dty2,New filter captures and recycles aluminum from manufacturing waste,A***************,2025-01-13 13:23:32,New filter captures and recycles aluminum from manufacturing waste,"filter, captures, recycles, aluminum, manufacturing, waste",
1i0x6yc,"AI unveils strange chip designs, while discovering new functionalities",M**********,2025-01-14 03:43:19,"AI unveils strange chip designs, while discovering new functionalities","unveils, strange, chip, designs, discovering, functionalities",
1i14jv5,Under-skin implant dispenses naloxone to prevent opioid overdose deaths | The iSOS (Implantable System for Opioid Safety) implant is being developed to automatically dispenses naloxone from within the body.,c********,2025-01-14 12:03:40,Underskin implant dispenses naloxone to prevent opioid overdose deaths The iSOS Implantable System for Opioid Safety implant is being developed to automatically dispenses naloxone from within the body.,"underskin, implant, dispenses, naloxone, prevent, opioid, overdose, deaths, isos, implantable, system, safety, developed, automatically, within, body",
1i16708,Robotic sea turtle could soon be swimming in an ocean near you,A***************,2025-01-14 13:36:21,Robotic sea turtle could soon be swimming in an ocean near you,"robotic, turtle, could, soon, swimming, ocean, near",
1i16cgi,Japan Debuts First General-Purpose Quantum Computer Made of Light,S********,2025-01-14 13:44:06,Japan Debuts First GeneralPurpose Quantum Computer Made of Light,"japan, debuts, first, generalpurpose, quantum, computer, made, light",
1i18b5h,Donut Lab's New Motor Brings Power to the Wheel Hub | The Finland-based company's in-wheel motor serves up 650 kilowatts of power,c********,2025-01-14 15:17:39,Donut Lab's New Motor Brings Power to the Wheel Hub The Finlandbased company's inwheel motor serves up 650 kilowatts of power,"donut, motor, brings, power, wheel, finlandbased, company, inwheel, serves, kilowatts",
1i19pvc,Scientists invent sand-powered seismic device to reduce earthquake damage by 75% | University of Sharjah professors patent an earthquake dissipation device that only needs sand to withstand seismic forces.,c********,2025-01-14 16:19:39,Scientists invent sandpowered seismic device to reduce earthquake damage by 75 University of Sharjah professors patent an earthquake dissipation device that only needs sand to withstand seismic forces.,"scientists, invent, sandpowered, seismic, device, reduce, earthquake, damage, university, sharjah, professors, patent, dissipation, needs, sand, withstand, forces",
1i1utnt,"We've never been closer to accurately assessing whether an individual is more susceptible to developing major depressive disorder due to their biology, with 293 newly identified gene variants found to play a role in ramping up the risk factor | That's 42% more than was previously known.",c********,2025-01-15 10:48:22,"We've never been closer to accurately assessing whether an individual is more susceptible to developing major depressive disorder due to their biology, with 293 newly identified gene variants found to play a role in ramping up the risk factor That's 42 more than was previously known.","never, closer, accurately, assessing, whether, individual, susceptible, developing, major, depressive, disorder, biology, newly, identified, gene, variants, found, play, role, ramping, risk, factor, previously, known",
1i1xkwd,World's first liquid hydrogen powered turbine engine,A***************,2025-01-15 13:39:17,World's first liquid hydrogen powered turbine engine,"world, first, liquid, hydrogen, powered, turbine, engine",
1i2nfov,"MIT’s robot bees break pollination records with 1,000-second hover, flips and more | The robot reaches 35 cm/s, performs flips, and traces paths like “M-I-T,” highlighting control and endurance advances.",c********,2025-01-16 12:05:09,"MITs robot bees break pollination records with 1,000second hover, flips and more The robot reaches 35 cms, performs flips, and traces paths like MIT, highlighting control and endurance advances.","mits, robot, bees, break, pollination, records, 000second, hover, flips, reaches, performs, traces, paths, like, highlighting, control, endurance, advances",
1i2pf46,Woven City is a real-world test bed for tomorrow's tech,A***************,2025-01-16 13:55:15,Woven City is a realworld test bed for tomorrow's tech,"woven, city, realworld, test, tomorrow, tech",
1i2s4zm,Device Uses Wind to Create Ammonia Out of Thin Air | The process requires no external power to produce the green energy fuel,c********,2025-01-16 16:00:31,Device Uses Wind to Create Ammonia Out of Thin Air The process requires no external power to produce the green energy fuel,"device, uses, wind, create, ammonia, thin, process, requires, external, power, produce, green, energy, fuel",
1i3eoao,"Brain-Controlled Bionic Hand Offers Most Advanced Artificial Touch Yet | The new brain-computer interface device goes ""beyond anything that has been done before,"" the researchers claim.",c********,2025-01-17 11:52:52,"BrainControlled Bionic Hand Offers Most Advanced Artificial Touch Yet The new braincomputer interface device goes beyond anything that has been done before, the researchers claim.","braincontrolled, bionic, hand, offers, advanced, artificial, touch, braincomputer, interface, device, goes, beyond, anything, done, researchers, claim",
1i3f8ce,"21st-century chainmail uses molecular instead of metallic links | The ""highest density of mechanical bonds ever achieved,"" researchers created a flexible material that works like chainmail. The breakthrough has already demonstrated its ability to improve body armor.",c********,2025-01-17 12:26:41,"21stcentury chainmail uses molecular instead of metallic links The highest density of mechanical bonds ever achieved, researchers created a flexible material that works like chainmail. The breakthrough has already demonstrated its ability to improve body armor.","21stcentury, chainmail, uses, molecular, instead, metallic, links, highest, density, mechanical, bonds, ever, achieved, researchers, created, flexible, material, works, like, breakthrough, already, demonstrated, ability, improve, body, armor",
1i3synh,Robots the size of rice grains aim to revolutionize brain surgery | Far less invasive than traditional tools,c********,2025-01-17 22:44:47,Robots the size of rice grains aim to revolutionize brain surgery Far less invasive than traditional tools,"robots, size, rice, grains, revolutionize, brain, surgery, less, invasive, traditional, tools",
1i47blt,Heart attack damage could be reversed by reactivating dormant gene,A***************,2025-01-18 13:16:30,Heart attack damage could be reversed by reactivating dormant gene,"heart, attack, damage, could, reversed, reactivating, dormant, gene",
1i4an2a,"Fly-eyed glasses may help the visually impaired see well again | A clever new set of glasses may offer new hope to people with macular degeneration. By copying the structure of a fly's eyes, the specs are claimed to ""fill in"" the missing section of the wearer's view of the world.",c********,2025-01-18 16:03:04,"Flyeyed glasses may help the visually impaired see well again A clever new set of glasses may offer new hope to people with macular degeneration. By copying the structure of a fly's eyes, the specs are claimed to fill in the missing section of the wearer's view of the world.","flyeyed, glasses, help, visually, impaired, well, clever, offer, hope, people, macular, degeneration, copying, structure, eyes, specs, claimed, fill, missing, section, wearer, view, world",
1i5qd5j,Molten salt nuclear reactor in Wyoming hits key milestone,A***************,2025-01-20 13:40:36,Molten salt nuclear reactor in Wyoming hits key milestone,"molten, salt, nuclear, reactor, wyoming, hits, milestone",
1i5z4jg,A solid electrolyte gives lithium-sulfur batteries ludicrous endurance | Sulfur can store a lot more lithium but is problematically reactive in batteries.,C*********,2025-01-20 19:48:12,A solid electrolyte gives lithiumsulfur batteries ludicrous endurance Sulfur can store a lot more lithium but is problematically reactive in batteries.,"solid, electrolyte, gives, lithiumsulfur, batteries, ludicrous, endurance, sulfur, store, lithium, problematically, reactive",
1i6h5lf,"Robotic glove helps pianists boost finger speed and skill in just 30 minutes | The exoskeleton allowed each finger to move on its own, helping participants practice fast, complex finger movements they hadn’t tried before.",c********,2025-01-21 12:08:48,"Robotic glove helps pianists boost finger speed and skill in just 30 minutes The exoskeleton allowed each finger to move on its own, helping participants practice fast, complex finger movements they hadnt tried before.","robotic, glove, helps, pianists, boost, finger, speed, skill, minutes, exoskeleton, allowed, move, helping, participants, practice, fast, complex, movements, hadnt, tried",
1i6hass,"Plant-based breakthrough boosts water-based zinc batteries’ performance in cold | The breakthrough prevents freezing in water-based zinc electrolytes, improving battery efficiency in cold conditions.",c********,2025-01-21 12:17:30,"Plantbased breakthrough boosts waterbased zinc batteries performance in cold The breakthrough prevents freezing in waterbased zinc electrolytes, improving battery efficiency in cold conditions.","plantbased, breakthrough, boosts, waterbased, zinc, batteries, performance, cold, prevents, freezing, electrolytes, improving, battery, efficiency, conditions",
1i6iffn,New fuel withstands nuclear thermal propulsion reactor conditions,A***************,2025-01-21 13:21:09,New fuel withstands nuclear thermal propulsion reactor conditions,"fuel, withstands, nuclear, thermal, propulsion, reactor, conditions",
1i6kuea,"World’s smallest biomedical robot could pave way for minimally invasive surgeries | At just 0.95 millimeters, it’s 60 percent smaller than any existing model.",c********,2025-01-21 15:16:48,"Worlds smallest biomedical robot could pave way for minimally invasive surgeries At just 0.95 millimeters, its 60 percent smaller than any existing model.","worlds, smallest, biomedical, robot, could, pave, minimally, invasive, surgeries, millimeters, percent, smaller, existing, model",
1i78leq,"Researchers have discovered that proteins in the mollusk’s blood not only have bacteria-killing properties, raising the possibility of a new antibiotic, but also increase the effectiveness of some existing antibiotics.",c********,2025-01-22 10:59:08,"Researchers have discovered that proteins in the mollusks blood not only have bacteriakilling properties, raising the possibility of a new antibiotic, but also increase the effectiveness of some existing antibiotics.","researchers, discovered, proteins, mollusks, blood, bacteriakilling, properties, raising, possibility, antibiotic, also, increase, effectiveness, existing, antibiotics",
1i7agm7,"Breakthrough plastic supercapacitor hits 70,000 charge cycles, offers 100x conductivity | “The advance could lead to supercapacitors that can meet some energy storage demands as the world transitions to renewable, sustainable energy production.”",c********,2025-01-22 12:54:56,"Breakthrough plastic supercapacitor hits 70,000 charge cycles, offers 100x conductivity The advance could lead to supercapacitors that can meet some energy storage demands as the world transitions to renewable, sustainable energy production.","breakthrough, plastic, supercapacitor, hits, charge, cycles, offers, 100x, conductivity, advance, could, lead, supercapacitors, meet, energy, storage, demands, world, transitions, renewable, sustainable, production",
1i7bhqs,3D-printed battery made from fungi feeds on sugars,A***************,2025-01-22 13:48:58,3Dprinted battery made from fungi feeds on sugars,"3dprinted, battery, made, fungi, feeds, sugars",
1i82s0a,Got milk? Startup develops milk-based targeted drug-delivery technology,A***************,2025-01-23 12:59:08,Got milk? Startup develops milkbased targeted drugdelivery technology,"milk, startup, develops, milkbased, targeted, drugdelivery, technology",
1i83i21,"A new method to fabricate soft electronics via particle engulfment printing | The electronics industry is leading to the development of countless devices of different sizes and shapes, which are designed for a variety of applications.",c********,2025-01-23 13:36:47,"A new method to fabricate soft electronics via particle engulfment printing The electronics industry is leading to the development of countless devices of different sizes and shapes, which are designed for a variety of applications.","method, fabricate, soft, electronics, particle, engulfment, printing, industry, leading, development, countless, devices, different, sizes, shapes, designed, variety, applications",
1i83twc,"China’s next-gen sexbots powered by AI about to hit the shelves | Future models ‘react with both movements and speech, significantly enhancing user experience by focusing on emotional connection’",M**********,2025-01-23 13:53:24,"Chinas nextgen sexbots powered by AI about to hit the shelves Future models react with both movements and speech, significantly enhancing user experience by focusing on emotional connection","chinas, nextgen, sexbots, powered, shelves, future, models, react, movements, speech, significantly, enhancing, user, experience, focusing, emotional, connection",
1i86hjf,CERN's particle accelerator tech is being reimagined to blast cancer in under a second | When accelerators start accelerating cancer cures,c********,2025-01-23 15:54:32,CERN's particle accelerator tech is being reimagined to blast cancer in under a second When accelerators start accelerating cancer cures,"cern, particle, accelerator, tech, reimagined, blast, cancer, second, accelerators, start, accelerating, cures",
1i8u0lp,"Sneeze simulator shows spread of invisible bugs | A coughing, sneezing, 3D-printed model of the human nose and upper airway has provided researchers with a better understanding of how airborne infections are transmitted. The knowledge will aid in developing effective ways of reducing that spread.",c********,2025-01-24 12:14:26,"Sneeze simulator shows spread of invisible bugs A coughing, sneezing, 3Dprinted model of the human nose and upper airway has provided researchers with a better understanding of how airborne infections are transmitted. The knowledge will aid in developing effective ways of reducing that spread.","sneeze, simulator, shows, spread, invisible, bugs, coughing, sneezing, 3dprinted, model, human, nose, upper, airway, provided, researchers, better, understanding, airborne, infections, transmitted, knowledge, developing, effective, ways, reducing",
1i8uyax,"New AI picks up 97% of lung diseases, and can tell pneumonia from COVID-19",A***************,2025-01-24 13:06:45,"New AI picks up 97 of lung diseases, and can tell pneumonia from COVID19","picks, lung, diseases, tell, pneumonia, covid19",
1i8vgor,"Chinese artificial sun shatters world record with 1,066-second plasma confinement | A crucial milestone in fusion research",c********,2025-01-24 13:32:59,"Chinese artificial sun shatters world record with 1,066second plasma confinement A crucial milestone in fusion research","chinese, artificial, shatters, world, record, 066second, plasma, confinement, crucial, milestone, fusion, research",
1i9meu0,MIT's zero-energy technique shows how to brew ammonia underground,A***************,2025-01-25 12:58:49,MIT's zeroenergy technique shows how to brew ammonia underground,"zeroenergy, technique, shows, brew, ammonia, underground",
1iae9zs,Balance-assessing rig is kind of like a mechanical bull for stroke patients,A***************,2025-01-26 13:16:29,Balanceassessing rig is kind of like a mechanical bull for stroke patients,"balanceassessing, kind, like, mechanical, bull, stroke, patients",
1iahcvj,Paralyzed man pilots a virtual drone – by thinking of moving his fingers | Brain-computer interfaces may allow paralyzed people to perform basic actions such as eating and typing.,c********,2025-01-26 15:29:31,Paralyzed man pilots a virtual drone by thinking of moving his fingers Braincomputer interfaces may allow paralyzed people to perform basic actions such as eating and typing.,"paralyzed, pilots, virtual, drone, thinking, moving, fingers, braincomputer, interfaces, allow, people, perform, basic, actions, eating, typing",
1ib7brl,"Lab-grown sperm, eggs may soon allow parents to customize their future children | HFEA held a meeting last week and announced that scientists are close to growing human eggs and sperm in a lab.",c********,2025-01-27 12:11:01,"Labgrown sperm, eggs may soon allow parents to customize their future children HFEA held a meeting last week and announced that scientists are close to growing human eggs and sperm in a lab.","labgrown, sperm, eggs, soon, allow, parents, customize, future, children, hfea, held, meeting, last, week, announced, scientists, close, growing, human",
1ib7yvi,Cancer protein discovery reveals new treatment target,A***************,2025-01-27 12:41:59,Cancer protein discovery reveals new treatment target,"cancer, protein, discovery, reveals, treatment, target",
1ibcm17,"China sets new fusion endurance record of over a thousand seconds | The Experimental Advanced Superconducting Tokamak reactor in Hefei, Anhui Province has set a new record with a 1,066-second sustained fusion reaction.",c********,2025-01-27 16:05:45,"China sets new fusion endurance record of over a thousand seconds The Experimental Advanced Superconducting Tokamak reactor in Hefei, Anhui Province has set a new record with a 1,066second sustained fusion reaction.","china, sets, fusion, endurance, record, thousand, seconds, experimental, advanced, superconducting, tokamak, reactor, hefei, anhui, province, 066second, sustained, reaction",
1ibz9nq,Breast cancer cure rates almost doubled in combo therapy trial | A phase 3 clinical trial has shown that adding a targeted immunotherapy drug to chemotherapy dramatically improved the cure rate for patients with the most common kind of breast cancer.,c********,2025-01-28 11:14:36,Breast cancer cure rates almost doubled in combo therapy trial A phase 3 clinical trial has shown that adding a targeted immunotherapy drug to chemotherapy dramatically improved the cure rate for patients with the most common kind of breast cancer.,"breast, cancer, cure, rates, almost, doubled, combo, therapy, trial, phase, clinical, shown, adding, targeted, immunotherapy, drug, chemotherapy, dramatically, improved, rate, patients, common, kind",
1ic15gr,Augmented vision helmet helps deep-sea divers work in the murk,A***************,2025-01-28 13:08:23,Augmented vision helmet helps deepsea divers work in the murk,"augmented, vision, helmet, helps, deepsea, divers, work, murk",
1ic7ir8,AI model simulates 500 million years of evolution to generate a new fluorescent protein,M**********,2025-01-28 17:51:35,AI model simulates 500 million years of evolution to generate a new fluorescent protein,"model, simulates, million, years, evolution, generate, fluorescent, protein",
1ichdti,"Virus-Based Therapy Shrinks Tumors in Skin Cancer Patients | TVEC therapy shrinks tumors in basal cell carcinoma, simplifying surgeries and activating immune responses.",c********,2025-01-29 00:45:44,"VirusBased Therapy Shrinks Tumors in Skin Cancer Patients TVEC therapy shrinks tumors in basal cell carcinoma, simplifying surgeries and activating immune responses.","virusbased, therapy, shrinks, tumors, skin, cancer, patients, tvec, basal, cell, carcinoma, simplifying, surgeries, activating, immune, responses",
1icsu6m,Biomimetic hubless outboard motor brings smart hybrid power to boating,A***************,2025-01-29 12:39:39,Biomimetic hubless outboard motor brings smart hybrid power to boating,"biomimetic, hubless, outboard, motor, brings, smart, hybrid, power, boating",
1icsxaw,Return of supersonic travel moves closer as privately developed aircraft breaks the sound barrier | A world first,c********,2025-01-29 12:44:40,Return of supersonic travel moves closer as privately developed aircraft breaks the sound barrier A world first,"return, supersonic, travel, moves, closer, privately, developed, aircraft, breaks, sound, barrier, world, first",
1icthb9,"Urine-based cancer test accurate even without the uncomfortable bit | A new study has revealed that the now-available test remains just as accurate without it, paving the way from an easy in-home testing option.",c********,2025-01-29 13:15:00,"Urinebased cancer test accurate even without the uncomfortable bit A new study has revealed that the nowavailable test remains just as accurate without it, paving the way from an easy inhome testing option.","urinebased, cancer, test, accurate, even, without, uncomfortable, study, revealed, nowavailable, remains, paving, easy, inhome, testing, option",
1id87kl,AI creates glowing protein that would've taken nature 500 million years to evolve | Fast-forwarding evolution,c********,2025-01-29 23:39:20,AI creates glowing protein that would've taken nature 500 million years to evolve Fastforwarding evolution,"creates, glowing, protein, would, taken, nature, million, years, evolve, fastforwarding, evolution",
1idlyz3,Scientists develop patch that can repair damaged hearts | Cells taken from blood and ‘reprogrammed’ into heart muscle cells may help patients with heart failure,c********,2025-01-30 12:35:10,Scientists develop patch that can repair damaged hearts Cells taken from blood and reprogrammed into heart muscle cells may help patients with heart failure,"scientists, develop, patch, repair, damaged, hearts, cells, taken, blood, reprogrammed, heart, muscle, help, patients, failure",
1idmcce,'Robot blood' powers soft-bodied jellyfish and worm robots,A***************,2025-01-30 12:56:25,'Robot blood' powers softbodied jellyfish and worm robots,"robot, blood, powers, softbodied, jellyfish, worm, robots",
1ied9ez,"Hyperelastic rubber soft robots mimic mantis shrimp-level punch, flea-like leaps | A flexible joint releases stored energy under compression, enabling strong, repetitive motions with a simple tendon-motor setup.",c********,2025-01-31 12:04:34,"Hyperelastic rubber soft robots mimic mantis shrimplevel punch, flealike leaps A flexible joint releases stored energy under compression, enabling strong, repetitive motions with a simple tendonmotor setup.","hyperelastic, rubber, soft, robots, mimic, mantis, shrimplevel, punch, flealike, leaps, flexible, joint, releases, stored, energy, compression, enabling, strong, repetitive, motions, simple, tendonmotor, setup",
1ieddnq,"HIV cure could be hiding in FDA-approved drug | A new study, shows that the compound EBC-46 can reactivate dormant virus cells, allowing them to be targeted by immunotherapy. This is called a “kick and kill” strategy which could completely clear the virus from a patient.",c********,2025-01-31 12:11:35,"HIV cure could be hiding in FDAapproved drug A new study, shows that the compound EBC46 can reactivate dormant virus cells, allowing them to be targeted by immunotherapy. This is called a kick and kill strategy which could completely clear the virus from a patient.","cure, could, hiding, fdaapproved, drug, study, shows, compound, ebc46, reactivate, dormant, virus, cells, allowing, targeted, immunotherapy, called, kick, kill, strategy, completely, clear, patient",
1iee2sm,‘Fatty cartilage’ discovery set to revolutionize regenerative medicine,A***************,2025-01-31 12:51:40,Fatty cartilage discovery set to revolutionize regenerative medicine,"fatty, cartilage, discovery, revolutionize, regenerative, medicine",
1if5hqa,Koenigsegg's new Tourbillon trans is unlike anything you've ever seen,A***************,2025-02-01 12:41:49,Koenigsegg's new Tourbillon trans is unlike anything you've ever seen,"koenigsegg, tourbillon, trans, unlike, anything, ever, seen",
1ifa48l,Microsoft lets you use ChatGPT’s priciest AI model for free,A**************,2025-02-01 16:33:44,Microsoft lets you use ChatGPTs priciest AI model for free,"microsoft, lets, chatgpts, priciest, model, free",
1ifa98g,AI Designed Computer Chips That the Human Mind Can't Understand.,B*******************,2025-02-01 16:39:59,AI Designed Computer Chips That the Human Mind Can't Understand.,"designed, computer, chips, human, mind, understand",
1ifbavd,"Lightsail propulsion could enable interstellar travel at speeds never before imagined | The Breakthrough Starshot Initiative — backed by theoretical physicist Stephen Hawking and scientist Yuri Milner — aims to send miniature spacecraft to Alpha Centauri, our nearest star system.",c********,2025-02-01 17:25:17,"Lightsail propulsion could enable interstellar travel at speeds never before imagined The Breakthrough Starshot Initiative backed by theoretical physicist Stephen Hawking and scientist Yuri Milner aims to send miniature spacecraft to Alpha Centauri, our nearest star system.","lightsail, propulsion, could, enable, interstellar, travel, speeds, never, imagined, breakthrough, starshot, initiative, backed, theoretical, physicist, stephen, hawking, scientist, yuri, milner, aims, send, miniature, spacecraft, alpha, centauri, nearest, star, system",
1ifbpqk,"With generative AI, MIT chemists quickly calculate 3D genomic structures | A new approach, which takes minutes rather than days, predicts how a specific DNA sequence will arrange itself in the cell nucleus.",M**********,2025-02-01 17:42:57,"With generative AI, MIT chemists quickly calculate 3D genomic structures A new approach, which takes minutes rather than days, predicts how a specific DNA sequence will arrange itself in the cell nucleus.","generative, chemists, quickly, calculate, genomic, structures, approach, takes, minutes, rather, days, predicts, specific, sequence, arrange, cell, nucleus",
1ifbrs3,"To help AIs understand the world, researchers put them in a robot",M**********,2025-02-01 17:45:29,"To help AIs understand the world, researchers put them in a robot","help, understand, world, researchers, robot",
1ifjckb,"Artificial gills unlock long-range underwater robots | What's good for fish may be good for robots, too, as researchers from the Helmholtz-Zentrum Hereon have developed an artificial gill that can extract oxygen from seawater to run fuel cells to power robotic sea gliders on long missions.",c********,2025-02-01 23:21:05,"Artificial gills unlock longrange underwater robots What's good for fish may be good for robots, too, as researchers from the HelmholtzZentrum Hereon have developed an artificial gill that can extract oxygen from seawater to run fuel cells to power robotic sea gliders on long missions.","artificial, gills, unlock, longrange, underwater, robots, good, fish, researchers, helmholtzzentrum, hereon, developed, gill, extract, oxygen, seawater, fuel, cells, power, robotic, gliders, long, missions",
1ifwso4,"""Injectable bone"" gel may be a radically better treatment for osteoporosis",A***************,2025-02-02 13:04:37,Injectable bone gel may be a radically better treatment for osteoporosis,"injectable, bone, radically, better, treatment, osteoporosis",
1ifxpr4,World's only 12 rotor turbo Y-config rotary engine could make 5k hp,c********,2025-02-02 13:56:11,World's only 12 rotor turbo Yconfig rotary engine could make 5k hp,"world, rotor, turbo, yconfig, rotary, engine, could, make",
1ig488v,"Researchers used AI to build nanomaterials lighter and stronger than titanium | ""This can ultimately help reduce the high carbon footprint of flying""",c********,2025-02-02 18:42:49,Researchers used AI to build nanomaterials lighter and stronger than titanium This can ultimately help reduce the high carbon footprint of flying,"researchers, used, build, nanomaterials, lighter, stronger, titanium, ultimately, help, reduce, high, carbon, footprint, flying",
1igomet,Sweat sensors track health in real-time with printed nanoparticle ink | Caltech just manufactured a wearable sweat sensor that “inkjet prints” biomarkers to better monitor the human body.,c********,2025-02-03 13:05:56,Sweat sensors track health in realtime with printed nanoparticle ink Caltech just manufactured a wearable sweat sensor that inkjet prints biomarkers to better monitor the human body.,"sweat, sensors, track, health, realtime, printed, nanoparticle, caltech, manufactured, wearable, sensor, inkjet, prints, biomarkers, better, monitor, human, body",
1igp32i,Groovy gecko toes may bring us ice-slip-proof shoes,A***************,2025-02-03 13:30:05,Groovy gecko toes may bring us iceslipproof shoes,"groovy, gecko, toes, bring, iceslipproof, shoes",
1ihf59h,Smart fabric generates heat from sunlight to keep you warm in freezing temperatures | The fabric changes color as it heats up,c********,2025-02-04 10:59:47,Smart fabric generates heat from sunlight to keep you warm in freezing temperatures The fabric changes color as it heats up,"smart, fabric, generates, heat, sunlight, keep, warm, freezing, temperatures, changes, color, heats",
1ihge46,US scientists spot new class of quantum particles in world-first breakthrough | This new class of quantum particles could help improve quantum computers.,c********,2025-02-04 12:20:38,US scientists spot new class of quantum particles in worldfirst breakthrough This new class of quantum particles could help improve quantum computers.,"scientists, spot, class, quantum, particles, worldfirst, breakthrough, could, help, improve, computers",
1ihie3r,How to Grow a Laser on Silicon | Imec researchers overcome material mismatches to make lasers directly on silicon wafers,c********,2025-02-04 14:05:49,How to Grow a Laser on Silicon Imec researchers overcome material mismatches to make lasers directly on silicon wafers,"grow, laser, silicon, imec, researchers, overcome, material, mismatches, make, lasers, directly, wafers",
1ii7h2v,Preventing immune system burnout when fighting chronic illness & cancer | Scientists have uncovered a mechanism for reinvigorating the immune system to stop it from flagging when it’s fighting long-term conditions like chronic infections and cancer.,c********,2025-02-05 10:57:10,Preventing immune system burnout when fighting chronic illness cancer Scientists have uncovered a mechanism for reinvigorating the immune system to stop it from flagging when its fighting longterm conditions like chronic infections and cancer.,"preventing, immune, system, burnout, fighting, chronic, illness, cancer, scientists, uncovered, mechanism, reinvigorating, stop, flagging, longterm, conditions, like, infections",
1ii8s80,"Self-healing Asphalt Could Prevent Potholes and Save Costs on Vehicle Repairs | By embedding tiny plant spores filled with recycled oils into asphalt, scientists have created a material that can mend its own cracks.",c********,2025-02-05 12:24:59,"Selfhealing Asphalt Could Prevent Potholes and Save Costs on Vehicle Repairs By embedding tiny plant spores filled with recycled oils into asphalt, scientists have created a material that can mend its own cracks.","selfhealing, asphalt, could, prevent, potholes, save, costs, vehicle, repairs, embedding, tiny, plant, spores, filled, recycled, oils, scientists, created, material, mend, cracks",
1ii9dtf,"US approves ""milestone"" Parkinson's treatment for 2025 release | Americans will soon have access to an infusion treatment that provides round-the-clock relief of Parkinson's symptoms.",c********,2025-02-05 13:00:12,US approves milestone Parkinson's treatment for 2025 release Americans will soon have access to an infusion treatment that provides roundtheclock relief of Parkinson's symptoms.,"approves, milestone, parkinson, treatment, 2025, release, americans, soon, access, infusion, provides, roundtheclock, relief, symptoms",
1iizulb,"Robodogs tackle bomb detection, defusing and disposal | The British Ministry of Defence's answer is using the mechanical mutts to make detecting and defusing bombs safer and more efficient.",c********,2025-02-06 10:50:47,"Robodogs tackle bomb detection, defusing and disposal The British Ministry of Defence's answer is using the mechanical mutts to make detecting and defusing bombs safer and more efficient.","robodogs, tackle, bomb, detection, defusing, disposal, british, ministry, defence, answer, using, mechanical, mutts, make, detecting, bombs, safer, efficient",
1iizvqx,Scientists devise 'living' electrodes that could vastly improve traditional silicon electronics | Electronic signals can be dynamically adjusted by heating and cooling metamaterial,c********,2025-02-06 10:53:07,Scientists devise 'living' electrodes that could vastly improve traditional silicon electronics Electronic signals can be dynamically adjusted by heating and cooling metamaterial,"scientists, devise, living, electrodes, could, vastly, improve, traditional, silicon, electronics, electronic, signals, dynamically, adjusted, heating, cooling, metamaterial",
1ij0nt1,"For the first time, scientists have been able to produce kangaroo embryos through in-vitro fertilization (IVF) | An important milestone in being able to replicate this across hundreds of species of pouch-toting marsupials under ever-increasing threat of extinction.",c********,2025-02-06 11:44:34,"For the first time, scientists have been able to produce kangaroo embryos through invitro fertilization IVF An important milestone in being able to replicate this across hundreds of species of pouchtoting marsupials under everincreasing threat of extinction.","first, time, scientists, able, produce, kangaroo, embryos, invitro, fertilization, important, milestone, replicate, across, hundreds, species, pouchtoting, marsupials, everincreasing, threat, extinction",
1ij2wyi,Huge strides made in eradicating food poisoning and stomach flu symptoms,A***************,2025-02-06 13:47:37,Huge strides made in eradicating food poisoning and stomach flu symptoms,"huge, strides, made, eradicating, food, poisoning, stomach, symptoms",
1ijscwa,'Ionic wind' vortex ring launchers extinguish fires cleanly and safely | Engineers at Ohio State University have now developed handheld tools that cleanly extinguish fires with 'ionic wind’ and vortex rings.,c********,2025-02-07 10:52:07,'Ionic wind' vortex ring launchers extinguish fires cleanly and safely Engineers at Ohio State University have now developed handheld tools that cleanly extinguish fires with 'ionic wind and vortex rings.,"ionic, wind, vortex, ring, launchers, extinguish, fires, cleanly, safely, engineers, ohio, state, university, developed, handheld, tools, rings",
1iju19f,Water-spraying tower is a mobile forest-fire-fighting sprinkler system,A***************,2025-02-07 12:38:15,Waterspraying tower is a mobile forestfirefighting sprinkler system,"waterspraying, tower, mobile, forestfirefighting, sprinkler, system",
1ikmrvp,Origami-inspired floor design cuts concrete and steel use by half,A***************,2025-02-08 13:01:57,Origamiinspired floor design cuts concrete and steel use by half,"origamiinspired, floor, design, cuts, concrete, steel, half",
1ikykil,"Wound dressing uses tiny flowers to go big on killing bacteria | Scientists create a material that kills multiple types of harmful bacteria, and it does so using tiny flowers.",c********,2025-02-08 21:46:06,"Wound dressing uses tiny flowers to go big on killing bacteria Scientists create a material that kills multiple types of harmful bacteria, and it does so using tiny flowers.","wound, dressing, uses, tiny, flowers, killing, bacteria, scientists, create, material, kills, multiple, types, harmful, using",
1ilcol0,"Bacteria make a meal of toxic PFAS 'forever chemicals' | Scientists have identified a bacterium that can eat these chemicals, as well as their byproducts.",c********,2025-02-09 11:23:00,"Bacteria make a meal of toxic PFAS 'forever chemicals' Scientists have identified a bacterium that can eat these chemicals, as well as their byproducts.","bacteria, make, meal, toxic, pfas, forever, chemicals, scientists, identified, bacterium, well, byproducts",
1ilctif,"Braille for sports: Haptic handheld broadcasts games to your fingertips | Catches, kicks, throws, passes, goals, touchdowns and home runs will all be buzzed to the user through different vibration patterns.",c********,2025-02-09 11:32:26,"Braille for sports Haptic handheld broadcasts games to your fingertips Catches, kicks, throws, passes, goals, touchdowns and home runs will all be buzzed to the user through different vibration patterns.","braille, sports, haptic, handheld, broadcasts, games, fingertips, catches, kicks, throws, passes, goals, touchdowns, home, runs, buzzed, user, different, vibration, patterns",
1ilduf0,Gut bacteria may be the key to much more effective vitiligo treatment,A***************,2025-02-09 12:39:24,Gut bacteria may be the key to much more effective vitiligo treatment,"bacteria, much, effective, vitiligo, treatment",
1im2n0v,Steering electricity through the air with ultrasound pulses | Scientists in Europe and Canada have now managed to guide sparks through thin air and even around obstacles using ultrasound waves.,c********,2025-02-10 09:56:24,Steering electricity through the air with ultrasound pulses Scientists in Europe and Canada have now managed to guide sparks through thin air and even around obstacles using ultrasound waves.,"steering, electricity, ultrasound, pulses, scientists, europe, canada, managed, guide, sparks, thin, even, around, obstacles, using, waves",
1im4x9i,Existing cardiac drug helps keep cancer from spreading | An existing cardiac drug (Digoxin) has now been found to reduce the risk of metastasis by dissolving circulating clusters of breast cancer cells in patients.,c********,2025-02-10 12:24:28,Existing cardiac drug helps keep cancer from spreading An existing cardiac drug Digoxin has now been found to reduce the risk of metastasis by dissolving circulating clusters of breast cancer cells in patients.,"existing, cardiac, drug, helps, keep, cancer, spreading, digoxin, found, reduce, risk, metastasis, dissolving, circulating, clusters, breast, cells, patients",
1imgnqu,Scientist worked out how to transfer data between two machines using quantum teleportation | Breakthrough is a first step in building a quantum network,c********,2025-02-10 20:48:41,Scientist worked out how to transfer data between two machines using quantum teleportation Breakthrough is a first step in building a quantum network,"scientist, worked, transfer, data, machines, using, quantum, teleportation, breakthrough, first, step, building, network",
1imx7dw,Physicists enable qubits to chat in light at room temperature in a quantum leap | The researchers used an electro-optic transducer to disconnect qubits from electric infrastructure that extensive and expensive to build.,c********,2025-02-11 12:14:08,Physicists enable qubits to chat in light at room temperature in a quantum leap The researchers used an electrooptic transducer to disconnect qubits from electric infrastructure that extensive and expensive to build.,"physicists, enable, qubits, chat, light, room, temperature, quantum, leap, researchers, used, electrooptic, transducer, disconnect, electric, infrastructure, extensive, expensive, build",
1imy4am,Gold outperforms Ozempic for weight loss – and leaves muscles alone,A***************,2025-02-11 13:05:40,Gold outperforms Ozempic for weight loss and leaves muscles alone,"gold, outperforms, ozempic, weight, loss, leaves, muscles, alone",
1in1ce5,Supersonic Passenger Jet Prototype Surpasses Mach 1 | The Overture could be the first commercial supersonic plane since the Concorde,c********,2025-02-11 15:36:25,Supersonic Passenger Jet Prototype Surpasses Mach 1 The Overture could be the first commercial supersonic plane since the Concorde,"supersonic, passenger, prototype, surpasses, mach, overture, could, first, commercial, plane, since, concorde",
1in1gr2,Meta unveils AI models that convert brain activity into text with unmatched accuracy,M**********,2025-02-11 15:41:42,Meta unveils AI models that convert brain activity into text with unmatched accuracy,"meta, unveils, models, convert, brain, activity, text, unmatched, accuracy",
1inpk6q,"Hyrdogel soaks up cosmic rays to protect space travelers | In the future, it might also be used to shield astronauts from the hazard of deadly cosmic radiation on long space voyages.",c********,2025-02-12 12:23:28,"Hyrdogel soaks up cosmic rays to protect space travelers In the future, it might also be used to shield astronauts from the hazard of deadly cosmic radiation on long space voyages.","hyrdogel, soaks, cosmic, rays, protect, space, travelers, future, might, also, used, shield, astronauts, hazard, deadly, radiation, long, voyages",
1iohwmv,Researchers find cancer's 'off-grid' power supply – and how to cut it | Researchers have discovered a particular type of cancer cell that relies on its own biological electric utility. Disrupting the utility with the help of a puffer fish – showed a breakthrough way to fight the tumors.,c********,2025-02-13 12:25:35,Researchers find cancer's 'offgrid' power supply and how to cut it Researchers have discovered a particular type of cancer cell that relies on its own biological electric utility. Disrupting the utility with the help of a puffer fish showed a breakthrough way to fight the tumors.,"researchers, find, cancer, offgrid, power, supply, discovered, particular, type, cell, relies, biological, electric, utility, disrupting, help, puffer, fish, showed, breakthrough, fight, tumors",
1iojx4y,"Breakthrough brings fiber optics to quantum computing, improving efficiency and reducing heat generation | It promises much better cooling",c********,2025-02-13 14:13:29,"Breakthrough brings fiber optics to quantum computing, improving efficiency and reducing heat generation It promises much better cooling","breakthrough, brings, fiber, optics, quantum, computing, improving, efficiency, reducing, heat, generation, promises, much, better, cooling",
1ip892a,Muscle tissue meets mechanics in biohybrid hand breakthrough | Combining lab-grown muscle tissue with a series of flexible mechanical joints has led to the development of an artificial hand that can grip and make gestures.,c********,2025-02-14 11:09:24,Muscle tissue meets mechanics in biohybrid hand breakthrough Combining labgrown muscle tissue with a series of flexible mechanical joints has led to the development of an artificial hand that can grip and make gestures.,"muscle, tissue, meets, mechanics, biohybrid, hand, breakthrough, combining, labgrown, series, flexible, mechanical, joints, development, artificial, grip, make, gestures",
1ip90oj,"Solar-powered device captures carbon dioxide from air to make sustainable fuel | Researchers have developed a reactor that pulls carbon dioxide directly from the air and converts it into sustainable fuel, using sunlight as the power source.",c********,2025-02-14 11:59:43,"Solarpowered device captures carbon dioxide from air to make sustainable fuel Researchers have developed a reactor that pulls carbon dioxide directly from the air and converts it into sustainable fuel, using sunlight as the power source.","solarpowered, device, captures, carbon, dioxide, make, sustainable, fuel, researchers, developed, reactor, pulls, directly, converts, using, sunlight, power, source",
1ipa6h2,Modified fish and flies could pull pollution out of the environment,A***************,2025-02-14 13:07:58,Modified fish and flies could pull pollution out of the environment,"modified, fish, flies, could, pull, pollution, environment",
